{
  "Model": "NPC/Gokart_tren.blockymodel",
  "Texture": "Items/Train_texture.png",
  "EyeHeight": 0.2,
  "CrouchOffset": -0.5,
  "HitBox": {
    "Max": {
      "X": 0.5,
      "Y": 1,
      "Z": 0.5
    },
    "Min": {
      "X": -0.5,
      "Y": 0,
      "Z": -0.5
    }
  },
  "Camera": {
    "Pitch": {
      "AngleRange": {
        "Max": 20,
        "Min": -10
      },
      "TargetNodes": [
        "Head"
      ]
    },
    "Yaw": {
      "AngleRange": {
        "Max": 10,
        "Min": -10
      },
      "TargetNodes": [
        "Head"
      ]
    }
  },
  "MinScale": 2,
  "MaxScale": 2
}
