{
  "Boxes": [
    {
      "Min": {
        "X": -0.9,
        "Y": 0,
        "Z": -0.2
      },
      "Max": {
        "X": 1.15,
        "Y": 0.35,
        "Z": 1.3
      }
    },
    {
      "Min": {
        "X": 0,
        "Y": 0,
        "Z": -0.5
      },
      "Max": {
        "X": 1,
        "Y": 0.85,
        "Z": -0.2
      }
    },
    {
      "Min": {
        "X": 1.15,
        "Y": 0,
        "Z": -0.2
      },
      "Max": {
        "X": 1.25,
        "Y": 1,
        "Z": 1.3
      }
    },
    {
      "Min": {
        "X": 0,
        "Y": 0,
        "Z": 1.1
      },
      "Max": {
        "X": 1,
        "Y": 0.85,
        "Z": 1.3
      }
    }
  ]
}
