{
  "Boxes": [
    {
      "Min": {
        "X": -0.15,
        "Y": 0,
        "Z": -0.25
      },
      "Max": {
        "X": 1.1,
        "Y": 0.6,
        "Z": 1.6
      }
    },
    {
      "Min": {
        "X": 1.1,
        "Y": 0,
        "Z": -0.25
      },
      "Max": {
        "X": 1.8,
        "Y": 0.75,
        "Z": 1.2
      }
    },
    {
      "Min": {
        "X": 0.9,
        "Y": 0,
        "Z": -0.85
      },
      "Max": {
        "X": 2.05,
        "Y": 0.75,
        "Z": -0.25
      }
    },
    {
      "Min": {
        "X": -0.15,
        "Y": 0.25,
        "Z": -0.35
      },
      "Max": {
        "X": 1.1,
        "Y": 1.25,
        "Z": -0.15
      }
    }
  ]
}
