{
  "DisplayNameKey": "server.barter.gokart_dealer.title",
  "RefreshInterval": {
    "Days": 2
  },
  "RestockHour": 8,
  "TradeSlots": [
    {
      "Type": "Fixed",
      "Trade": {
        "Output": {
          "ItemId": "Go_Kart_Base_Broke",
          "Quantity": 1
        },
        "Input": [
          {
            "ItemId": "Ingredient_Bar_Gold",
            "Quantity": 24
          }
        ],
        "Stock": 3
      }
    },
    {
      "Type": "Fixed",
      "Trade": {
        "Output": {
          "ItemId": "Go_Kart_Toy_Broke",
          "Quantity": 1
        },
        "Input": [
          {
            "ItemId": "Ingredient_Bar_Gold",
            "Quantity": 24
          }
        ],
        "Stock": 3
      }
    },
    {
      "Type": "Fixed",
      "Trade": {
        "Output": {
          "ItemId": "Go_Kart_Moto_Broke"
        },
        "Input": [
          {
            "ItemId": "Ingredient_Bar_Gold",
            "Quantity": 24
          }
        ],
        "Stock": 3
      }
    }
  ]
}
