{
  "Type": "Generic",
  "Appearance": "Go_Kart_Toy_Model",
  "MaxHealth": 20,
  "NameTranslationKey": "server.npcRoles.Go_Kart_Base.name",
  "DropList": "Go_Kart_Toy",
  "MotionControllerList": [
    {
      "Type": "Walk",
      "MaxWalkSpeed": 22,
      "Acceleration": 30,
      "Gravity": 20,
      "MaxFallSpeed": 12,
      "MaxClimbHeight": 1
    }
  ],
  "InteractionInstruction": {
    "Instructions": [
      {
        "Sensor": {
          "Type": "Not",
          "Sensor": {
            "Type": "CanInteract",
            "ViewSector": 360,
            "Attitudes": [
              "Neutral",
              "Friendly",
              "Hostile"
            ]
          }
        },
        "Actions": [
          {
            "Type": "SetInteractable",
            "Interactable": false
          }
        ]
      },
      {
        "Continue": true,
        "Sensor": {
          "Type": "Any"
        },
        "Actions": [
          {
            "Type": "SetInteractable",
            "Interactable": true,
            "Hint": "server.interactionHints.mount"
          }
        ]
      },
      {
        "Sensor": {
          "Type": "HasInteracted"
        },
        "Actions": [
          {
            "Type": "Mount",
            "AnchorX": 0,
            "AnchorY": 0.8,
            "AnchorZ": 0,
            "MovementConfig": "Mount"
          }
        ]
      }
    ]
  }
}
