{
  "TranslationProperties": {
    "Name": "Go Kart Toy Broken"
  },
  "PlayerAnimationsId": "Block",
  "Categories": [
    "GoKarts.Tools"
  ],
  "Set": "Furniture_Temple_Light",
  "IconProperties": {
    "Rotation": [
      22.5,
      45,
      22.5
    ],
    "Scale": 0.68,
    "Translation": [
      0,
      -15
    ]
  },
  "BlockType": {
    "BlockParticleSetId": "Wood",
    "BlockSoundSetId": "Wood",
    "CustomModel": "Blocks/Gokart_tren Broken.blockymodel",
    "CustomModelTexture": [
      {
        "Texture": "Items/Train_texture_Broken.png",
        "Weight": 1
      }
    ],
    "DrawType": "Model",
    "Flags": {},
    "Gathering": {
      "Breaking": {
        "GatherType": "Woods"
      }
    },
    "HitboxType": "Toy_Broke",
    "Material": "Solid",
    "Support": {
      "Down": [
        {
          "FaceType": "Full"
        }
      ]
    },
    "VariantRotation": "NESW",
    "ParticleColor": "#483327",
    "CustomModelScale": 1
  },
  "Icon": "Icons/ItemsGenerated/Go Kart Toy broken icon.png",
  "Tags": {
    "Type": [
      "Furniture"
    ],
    "Family": [
      "Kweebec"
    ]
  },
  "ItemSoundSetId": "ISS_Items_Metal",
  "MaxStack": 1
}
