{
  "TranslationProperties": {
    "Name": "Go Kart"
  },
  "Quality": "Epic",
  "PlayerAnimationsId": "Item",
  "Interactions": {
    "Primary": {
      "Interactions": [
        {
          "Type": "SpawnNPC",
          "EntityId": "Go_Kart_Base",
          "Next": {
            "Type": "ModifyInventory",
            "AdjustHeldItemQuantity": -1
          },
          "SpawnOffset": {
            "X": 0,
            "Y": 0.5,
            "Z": 0
          }
        }
      ]
    }
  },
  "Model": "Blocks/Go Kart Base.blockymodel",
  "Texture": "BlockTextures/GoKart_Base.png",
  "Icon": "Icons/ItemsGenerated/GoKart_Base_icon.png",
  "Scale": 0.5,
  "MaxStack": 1,
  "ItemLevel": 2,
  "Categories": [
    "GoKarts.Tools",
    "Furniture.Benches"
  ],
  "Recipe": {
    "TimeSeconds": 2,
    "Input": [
      {
        "ItemId": "Go_Kart_Base_Broke",
        "Quantity": 1
      },
      {
        "ItemId": "Tool_Repair_Kit_Iron",
        "Quantity": 1
      },
      {
        "ItemId": "Ingredient_Bar_Iron",
        "Quantity": 20
      },
      {
        "ItemId": "Ingredient_Bar_Copper",
        "Quantity": 10
      }
    ],
    "BenchRequirement": [
      {
        "Id": "Workbench",
        "Type": "Crafting",
        "Categories": [
          "Workbench_Tinkering"
        ]
      }
    ]
  }
}
